"","Label","Flux","Time"
"1","S1P1.C1",-0.00719,-0.68939
"2","S1P3.C1",-0.00526,-0.67097
"3","S1P5.C1",0.00105,-0.67546
"4","S2P1.C1",0.00341,-0.68491
"5","S2P3.C1",-0.00194,-0.69624
"6","S2P5.C1",-0.00115,-0.69888
"7","S3P1.C1",0.01052,-0.68292
"8","S3P3.C1",-0.01692,-0.69786
"9","S3P5.C1",-0.00107,-0.59498
"10","S1P2.C2",0.01406,-0.67541
"11","S1P4.C2",0.00631,-1.70606
"12","S1P6.C2",-0.00684,-0.64223
"13","S2P2.C2",-0.01774,-0.67022
"14","S2P4.C2",0.00562,-0.65623
"15","S3P2.C2",-0.000254,-0.56631
"16","S3P4.C2",0.01042,-0.65424
"17","S3P6.C2",-0.01268,-0.66917
"18","S1P2.W",-0.00184,-0.69708
"19","S1P4.W",-0.00165,-0.66147
"20","S1P1.C1",0.00426,-0.61112
"21","S1P3.C1",-0.01224,-0.59259
"22","S1P5.C1",-0.000324,-0.66133
"23","S2P1.C1",-0.000351,-0.6066
"24","S2P3.C1",-0.00652,-0.61992
"25","S2P5.C1",-0.01572,-0.62067
"26","S3P1.C1",0.00627,-0.60461
"27","S3P3.C1",-0.02678,-0.61959
"28","S3P5.C1",-0.00995,-0.51679
"29","S1P2.C2",-0.0037,-0.66125
"30","S1P4.C2",0.00461,-1.67046
"31","S1P6.C2",-0.000955,-0.56388
"32","S2P2.C2",0.0046,-0.59204
"33","S2P4.C2",0.00391,-0.57789
"34","S3P2.C2",0.05806,-0.48812
"35","S3P4.C2",-0.00128,-0.57593
"36","S3P6.C2",-0.00496,-0.59091
"37","S1P2.W",-0.0028,-0.61883
"38","S1P4.W",-0.00192,-0.58319
"39","S1P1.C1",0.00605,-0.53278
"40","S1P3.C1",0.00407,-0.51421
"41","S1P5.C1",-0.000738,-0.64718
"42","S2P1.C1",-0.00376,-0.52832
"43","S2P3.C1",0.00288,-0.54355
"44","S2P5.C1",0.00342,-0.54251
"45","S3P1.C1",0.00483,-0.52626
"46","S3P3.C1",-0.00415,-0.54131
"47","S1P2.C2",0.00162,-0.647
"48","S1P4.C2",0.00714,-1.62777
"49","S1P6.C2",-0.0039,-0.4855
"50","S2P2.C2",-0.02154,-0.51387
"51","S2P4.C2",0.01833,-0.49961
"52","S3P4.C2",0.00485,-0.49757
"53","S3P6.C2",-0.00331,-0.51259
"54","S1P2.W",-0.00714,-0.54053
"55","S1P4.W",-0.01018,-0.5049
"56","S1P5.C1",-0.0014,-0.63293
"57","S2P3.C1",-0.000765,-0.46718
"58","S2P5.C1",-0.00333,-0.46431
"59","S1P2.C2",0.01527,-0.63275
"60","S1P4.C2",-0.00406,-1.59213
"61","S1P2.W",0.00292,-0.46223
"62","S1P4.W",0.00216,-0.42664
"63","S1P5.C1",0.00731,-0.61868
"64","S3P5.C1",-0.00619,-0.28222
"65","S1P2.C2",0.00149,-0.61851
"66","S1P4.C2",0.00274,-1.54949
"67","S3P2.C2",0.000768,-0.25355
"68","S1P2.W",-0.0379,-0.38407
"69","S1P4.W",0.000887,-0.34841
"70","S1P3.C1",0.0018,-0.2792
"71","S1P5.C1",-0.00364,-0.60443
"72","S1P2.C2",0.00504,-0.60426
"73","S1P4.C2",-0.00456,-1.51385
"74","S1P6.C2",-0.00598,-0.25047
"75","S2P2.C2",-0.01355,-0.27904
"76","S3P4.C2",-0.00498,-0.26264
"77","S3P6.C2",0.00318,-0.27758
"78","S1P2.W",-0.00441,-0.30575
"79","S1P4.W",-0.00269,-0.27012
"80","S1P3.C1",-0.000577,-0.20083
"81","S1P5.C1",-0.00763,-0.58317
"82","S2P3.C1",-0.00434,-0.238
"83","S2P5.C1",0.000967,-0.22941
"84","S3P1.C1",-0.01526,-0.21302
"85","S3P3.C1",-0.00881,-0.22802
"86","S1P2.C2",0.00985,-0.583
"87","S1P4.C2",-0.0053,-1.47118
"88","S1P6.C2",-0.00169,-0.17212
"89","S2P2.C2",-0.00627,-0.20068
"90","S3P4.C2",-0.00711,-0.18434
"91","S1P2.W",7.88e-05,-0.22748
"92","S1P4.W",0.00595,-0.19185
"93","S1P3.C1",-0.00649,-0.12244
"94","S1P5.C1",-0.00528,-0.56892
"95","S2P3.C1",-0.000166,-0.1616
"96","S2P5.C1",0.000103,-0.15111
"97","S3P1.C1",-0.000883,-0.13472
"98","S3P3.C1",-0.003,-0.14976
"99","S1P2.C2",-0.0026,-0.56874
"100","S1P6.C2",-0.000388,-0.09373
"101","S3P4.C2",0.000594,-0.10604
"102","S1P2.W",-0.0017,-0.14918
"103","S1P4.W",-0.00432,-0.11354
"104","S1P3.C1",-0.00237,-0.04409
"105","S1P5.C1",0.00297,-0.55466
"106","S2P3.C1",0.00714,-0.08523
"107","S3P1.C1",0.00657,-0.05639
"108","S3P3.C1",0.00374,-0.07152
"109","S1P2.C2",0.03106,-0.55449
"110","S1P6.C2",-0.00513,-0.00727
"111","S2P4.C2",0.00159,-0.02988
"112","S3P4.C2",-0.00339,-0.02773
"113","S3P6.C2",0.00454,-0.04285
"114","S1P2.W",0.00286,-0.07093
"115","S1P4.W",-0.00353,-0.03534
"116","S1P1.C1",-0.0042,0.000313
"117","S1P3.C1",0.00138,-0.00744
"118","S1P5.C1",0.01224,-0.54042
"119","S2P3.C1",-0.00459,-0.00734
"120","S3P1.C1",-0.00317,-0.00745
"121","S3P3.C1",-0.0048,-0.00747
"122","S3P5.C1",0.03428,0.03589
"123","S1P2.C2",0.00371,-0.54024
"124","S1P6.C2",0.00958,0.01411
"125","S2P4.C2",-0.02489,-0.00728
"126","S2P6.C2",-0.00692,-0.00716
"127","S3P2.C2",-0.00197,0.03609
"128","S3P4.C2",0.00771,-0.00729
"129","S3P6.C2",0.00678,-0.00729
"130","S1P2.W",0.000333,-0.00985
"131","S1P4.W",0.00231,-0.00274
"132","S1P1.C1",-0.0051,0.02169
"133","S1P3.C1",0.00341,0.01394
"134","S1P5.C1",0.00222,-0.52617
"135","S2P1.C1",-0.00262,0.01392
"136","S2P3.C1",0.01482,0.01406
"137","S3P1.C1",0.0015,0.01392
"138","S3P3.C1",-0.00854,0.01389
"139","S1P2.C2",-0.00313,-0.526
"140","S1P6.C2",0.00613,0.03546
"141","S2P4.C2",-0.00693,0.0141
"142","S2P6.C2",0.00816,0.01427
"143","S3P2.C2",-0.01187,0.05745
"144","S3P4.C2",0.00799,0.01409
"145","S3P6.C2",-0.00715,0.01407
"146","S1P2.W",-0.00899,0.0115
"147","S1P4.W",-0.00234,0.01862
"148","S1P1.C1",0.00149,0.04309
"149","S1P3.C1",-0.00921,0.03529
"150","S1P5.C1",-0.00242,-0.51193
"151","S2P1.C1",0.00694,0.0353
"152","S2P3.C1",-0.00436,0.03544
"153","S3P1.C1",0.00118,0.03528
"154","S3P3.C1",-0.01289,0.03523
"155","S3P5.C1",-0.00832,0.08562
"156","S1P4.C2",-0.01347,-1.27897
"157","S1P6.C2",-0.00168,0.05681
"158","S2P4.C2",0.01703,0.03547
"159","S2P6.C2",-0.00679,0.03564
"160","S3P2.C2",0.00224,0.08583
"161","S3P4.C2",-0.00147,0.03544
"162","S3P6.C2",0.000177,0.03542
"163","S1P2.W",-0.00414,0.03288
"164","S1P4.W",-0.00609,0.04
"165","S1P1.C1",0.01543,0.06444
"166","S1P3.C1",-0.00703,0.05663
"167","S1P5.C1",-0.01084,-0.49065
"168","S2P1.C1",-0.00491,0.05667
"169","S2P3.C1",-0.00618,0.05685
"170","S3P1.C1",0.00525,0.05666
"171","S3P3.C1",-0.01177,0.05659
"172","S1P4.C2",0.01175,-1.23634
"173","S2P4.C2",0.02232,0.05688
"174","S2P6.C2",-0.00516,0.05705
"175","S3P2.C2",0.000724,0.10719
"176","S3P4.C2",-0.00875,0.05682
"177","S3P6.C2",0.009,0.05676
"178","S1P2.W",0.0016,0.05425
"179","S1P4.W",-0.0062,0.06137
"180","S1P1.C1",-0.00724,0.09284
"181","S1P3.C1",0.00472,0.08502
"182","S1P5.C1",-0.01107,-0.47641
"183","S2P1.C1",-0.01679,0.08514
"184","S2P3.C1",0.0036,0.08524
"185","S3P1.C1",0.00202,0.08501
"186","S3P3.C1",-0.01281,0.08497
"187","S3P5.C1",-8.68e-05,0.12841
"188","S1P4.C2",0.00128,-1.20071
"189","S2P4.C2",0.03503,0.08531
"190","S2P6.C2",-0.000316,0.08544
"191","S3P2.C2",0.0115,0.12861
"192","S3P4.C2",0.0079,0.08517
"193","S3P6.C2",0.00646,0.08515
"194","S1P2.W",0.00381,0.08269
"195","S1P4.W",-0.0038,0.08979
"196","S1P1.C1",0.000496,0.1142
"197","S2P1.C1",0.00933,0.10652
"198","S3P1.C1",-0.00619,0.10638
"199","S3P3.C1",-0.00352,0.10632
"200","S3P5.C1",-0.00647,0.14977
"201","S2P4.C2",0.02292,0.10669
"202","S2P6.C2",0.00439,0.10683
"203","S3P2.C2",0.00946,0.14997
"204","S3P4.C2",0.01952,0.10654
"205","S3P6.C2",0.00868,0.10649
"206","S1P2.W",-0.00251,0.10405
"207","S1P4.W",0.00215,0.11116
"208","S1P1.C1",0.00469,0.13557
"209","S2P1.C1",0.00269,0.12791
"210","S2P3.C1",-0.00816,0.12799
"211","S3P1.C1",0.00839,0.12774
"212","S3P3.C1",-0.00793,0.12765
"213","S3P5.C1",0.00268,0.17817
"214","S1P4.C2",-0.03237,-1.12242
"215","S2P4.C2",0.04509,0.12808
"216","S2P6.C2",0.01126,0.12816
"217","S3P2.C2",0.02025,0.17837
"218","S3P4.C2",0.04178,0.12791
"219","S3P6.C2",0.00595,0.12784
"220","S1P2.W",-0.00809,0.12542
"221","S1P4.W",0.00375,0.13253
"222","S1P1.C1",0.01049,0.15692
"223","S2P1.C1",-0.00503,0.14927
"224","S2P3.C1",-0.00213,0.14939
"225","S3P1.C1",0.00156,0.14913
"226","S3P3.C1",0.00321,0.149
"227","S3P5.C1",-0.00853,0.19959
"228","S1P4.C2",-0.0081,-1.07972
"229","S2P4.C2",0.06249,0.14944
"230","S2P6.C2",0.00722,0.14959
"231","S3P2.C2",0.04705,0.19979
"232","S3P4.C2",0.06371,0.14929
"233","S3P6.C2",0.01467,0.14919
"234","S1P2.W",0.00104,0.14679
"235","S1P4.W",-0.000397,0.15391
"236","S1P1.C1",-0.00661,0.18535
"237","S2P1.C1",-0.00523,0.17767
"238","S2P3.C1",-4.03e-05,0.17779
"239","S3P1.C1",0.01466,0.17752
"240","S3P3.C1",-0.00455,0.17743
"241","S3P5.C1",0.00442,0.22095
"242","S1P4.C2",-0.00466,-1.04414
"243","S2P2.C2",0.00591,0.16569
"244","S2P4.C2",0.0815,0.17788
"245","S2P6.C2",0.00726,0.178
"246","S3P2.C2",0.06502,0.22113
"247","S3P4.C2",0.0423,0.17769
"248","S3P6.C2",0.01258,0.17762
"249","S1P2.W",-0.00309,0.1752
"250","S1P4.W",-0.000736,0.18228
"251","S1P1.C1",-0.00617,0.20671
"252","S2P1.C1",0.0058,0.19904
"253","S2P3.C1",0.00142,0.19922
"254","S3P1.C1",0.00466,0.1989
"255","S3P3.C1",0.00512,0.19877
"256","S3P5.C1",-0.00909,0.24229
"257","S1P4.C2",0.000759,-0.66071
"258","S2P2.C2",0.01322,0.18707
"259","S2P4.C2",0.07013,0.19921
"260","S2P6.C2",0.01018,0.19939
"261","S3P2.C2",0.05318,0.24249
"262","S3P4.C2",0.06281,0.19906
"263","S3P6.C2",0.02926,0.19896
"264","S1P2.W",-0.000892,0.19653
"265","S1P4.W",0.00699,0.20363
"266","S1P1.C1",-0.01111,0.2281
"267","S2P1.C1",-0.00494,0.22045
"268","S2P3.C1",-0.00654,0.22056
"269","S3P1.C1",0.00108,0.22025
"270","S3P3.C1",-0.01054,0.22015
"271","S3P5.C1",-0.00497,0.28663
"272","S1P4.C2",0.00352,-0.58242
"273","S2P2.C2",0.01226,0.20841
"274","S2P4.C2",0.08263,0.22064
"275","S2P6.C2",0.00556,0.22075
"276","S3P2.C2",0.04634,0.28683
"277","S3P4.C2",0.12584,0.22042
"278","S3P6.C2",0.02143,0.22032
"279","S1P2.W",-0.00509,0.21788
"280","S1P4.W",-0.00826,0.225
"281","S1P1.C1",-3.38e-05,0.24948
"282","S2P1.C1",-0.00254,0.24183
"283","S2P3.C1",0.00458,0.24199
"284","S3P1.C1",0.0046,0.24164
"285","S3P3.C1",-0.0078,0.24149
"286","S3P5.C1",-0.000896,0.32222
"287","S1P4.C2",0.01733,-0.50404
"288","S2P2.C2",0.02426,0.22976
"289","S2P4.C2",0.10612,0.242
"290","S2P6.C2",0.02273,0.24215
"291","S3P2.C2",0.04931,0.32242
"292","S3P4.C2",0.18115,0.24182
"293","S3P6.C2",0.03063,0.24168
"294","S1P2.W",0.0026,0.23924
"295","S1P4.W",-0.00672,0.24638
"296","S1P1.C1",0.00338,0.28852
"297","S2P1.C1",-0.00048,0.28213
"298","S2P3.C1",0.00717,0.30049
"299","S2P5.C1",-0.00489,0.258
"300","S3P1.C1",0.01065,0.27527
"301","S3P3.C1",-0.00654,0.27263
"302","S3P5.C1",0.000598,0.36493
"303","S1P4.C2",0.01022,-0.42568
"304","S1P6.C2",0.06185,0.30943
"305","S2P2.C2",0.02025,0.25817
"306","S2P4.C2",0.09941,0.2823
"307","S2P6.C2",0.01548,0.30069
"308","S3P2.C2",0.0901,0.36513
"309","S3P4.C2",0.17301,0.27543
"310","S3P6.C2",0.03197,0.27281
"311","S1P2.W",0.00609,0.26766
"312","S1P4.W",-0.01157,0.27479
"313","S1P1.C1",0.02337,0.3242
"314","S1P3.C1",-0.00777,0.30926
"315","S2P1.C1",-0.00739,0.31774
"316","S2P3.C1",-0.00106,0.33616
"317","S2P5.C1",-0.0123,0.27683
"318","S3P1.C1",0.02312,0.31093
"319","S3P3.C1",-0.00398,0.30825
"320","S3P5.C1",-0.000707,0.40057
"321","S2P2.C2",0.02238,0.27701
"322","S2P4.C2",0.12839,0.31792
"323","S2P6.C2",0.01931,0.33637
"324","S3P2.C2",0.07096,0.40076
"325","S3P4.C2",0.1717,0.31109
"326","S3P6.C2",0.04161,0.30844
"327","S1P2.W",-0.00512,0.28903
"328","S1P4.W",-0.00204,0.29615
"329","S1P1.C1",0.01573,0.36685
"330","S2P1.C1",-0.00171,0.36037
"331","S2P3.C1",-0.00713,0.37888
"332","S2P5.C1",-0.0071,0.31245
"333","S3P1.C1",0.01252,0.35156
"334","S3P3.C1",-0.00944,0.35086
"335","S3P5.C1",0.00502,0.44319
"336","S1P6.C2",0.08251,0.38769
"337","S2P2.C2",0.03,0.31264
"338","S2P4.C2",0.11432,0.36054
"339","S2P6.C2",0.01465,0.37907
"340","S3P2.C2",0.08717,0.44339
"341","S3P4.C2",0.1977,0.35172
"342","S3P6.C2",0.04885,0.35104
"343","S1P2.W",-0.00376,0.31041
"344","S1P4.W",-0.000343,0.31751
"345","S1P1.C1",0.00949,0.40251
"346","S1P3.C1",0.00612,0.38751
"347","S2P1.C1",0.00343,0.39601
"348","S2P3.C1",-0.00722,0.41454
"349","S2P5.C1",-0.02374,0.35509
"350","S3P1.C1",0.00967,0.38725
"351","S3P3.C1",-0.00558,0.38642
"352","S3P5.C1",0.00535,0.47883
"353","S1P6.C2",0.07162,0.43038
"354","S2P2.C2",0.0368,0.35528
"355","S2P4.C2",0.10738,0.39618
"356","S2P6.C2",-0.0019,0.41473
"357","S3P2.C2",0.08103,0.47904
"358","S3P4.C2",0.23561,0.38741
"359","S3P6.C2",0.05805,0.38661
"360","S1P2.W",0.00333,0.33176
"361","S1P4.W",0.000251,0.33888
"362","S1P1.C1",0.00776,0.44519
"363","S1P3.C1",-0.00527,0.43021
"364","S2P1.C1",0.000924,0.43867
"365","S2P3.C1",0.0045,0.45725
"366","S2P5.C1",-0.00013,0.39071
"367","S3P1.C1",0.00489,0.42795
"368","S3P3.C1",0.000886,0.429
"369","S3P5.C1",-0.00752,0.52152
"370","S1P6.C2",0.10185,0.466
"371","S2P2.C2",0.05606,0.39089
"372","S2P4.C2",0.11395,0.43884
"373","S2P6.C2",0.00346,0.45744
"374","S3P2.C2",0.0993,0.52171
"375","S3P4.C2",0.18258,0.42811
"376","S3P6.C2",0.06172,0.42919
"377","S1P2.W",0.00428,0.36017
"378","S1P4.W",0.00152,0.3673
"379","S1P1.C1",-0.00658,0.48086
"380","S1P3.C1",0.01597,0.46581
"381","S2P1.C1",-0.00605,0.47435
"382","S2P3.C1",0.00375,0.49292
"383","S2P5.C1",-0.00565,0.43339
"384","S3P1.C1",0.00573,0.46361
"385","S3P3.C1",0.00441,0.46459
"386","S1P4.C2",-0.00461,-0.03403
"387","S1P6.C2",0.08228,0.50873
"388","S2P2.C2",0.05113,0.43356
"389","S2P4.C2",0.1206,0.47453
"390","S2P6.C2",0.02469,0.49311
"391","S3P4.C2",0.20925,0.46377
"392","S3P6.C2",0.07295,0.46478
"393","S1P2.W",-0.00544,0.38155
"394","S1P4.W",0.00695,0.38867
"395","S1P1.C1",0.00468,0.52355
"396","S1P3.C1",-0.00276,0.50854
"397","S2P1.C1",-0.00298,0.51705
"398","S2P3.C1",0.01468,0.53561
"399","S2P5.C1",-0.00344,0.469
"400","S3P1.C1",0.01947,0.50433
"401","S3P3.C1",-0.00216,0.50721
"402","S1P4.C2",0.00102,0.000521
"403","S2P2.C2",0.06971,0.46919
"404","S2P4.C2",0.17642,0.51722
"405","S3P4.C2",0.20374,0.50449
"406","S3P6.C2",0.06853,0.5074
"407","S1P2.W",0.000915,0.40292
"408","S1P4.W",0.00607,0.41005
"409","S2P5.C1",-0.0154,0.51169
"410","S3P1.C1",0.02117,0.53999
"411","S3P3.C1",-0.00497,0.54279
"412","S1P4.C2",0.00568,0.02187
"413","S2P2.C2",0.04755,0.51186
"414","S1P2.W",0.01031,0.42428
"415","S1P4.W",-0.00201,0.43141
"416","S1P4.C2",-0.00205,0.04328
"417","S1P2.W",-0.00571,0.45272
"418","S1P4.W",0.00146,0.45985
"419","S1P4.C2",-0.000697,0.06463
"420","S3P2.C2",0.10604,0.71392
"421","S1P2.W",-0.00222,0.4741
"422","S1P4.W",0.00571,0.48122
"423","S1P4.C2",0.00859,0.09302
"424","S3P2.C2",0.11857,0.75655
"425","S1P2.W",0.00212,0.49549
"426","S1P4.W",-7.6e-05,0.50262
"427","S1P1.C1",-0.00743,0.71583
"428","S2P3.C1",0.00239,0.72794
"429","S3P5.C1",-0.00834,0.79199
"430","S1P4.C2",0.00694,0.11439
"431","S1P6.C2",0.1359,0.74369
"432","S2P6.C2",0.01476,0.72814
"433","S3P2.C2",0.14506,0.79219
"434","S1P2.W",-0.00633,0.51685
"435","S1P4.W",-0.0052,0.52398
"436","S1P1.C1",0.0043,0.75846
"437","S1P3.C1",0.02283,0.74351
"438","S2P3.C1",0.01013,0.77064
"439","S3P1.C1",0.01863,0.73351
"440","S3P3.C1",0.0042,0.74206
"441","S1P4.C2",0.00218,0.13575
"442","S1P6.C2",0.11853,0.77927
"443","S2P2.C2",0.05888,0.70396
"444","S2P6.C2",0.01165,0.77084
"445","S3P2.C2",0.12102,0.83484
"446","S3P4.C2",0.25128,0.73367
"447","S3P6.C2",0.07471,0.74225
"448","S1P2.W",-0.00245,0.54524
"449","S1P4.W",-0.000146,0.55236
"450","S1P1.C1",2.94e-05,0.7941
"451","S1P3.C1",0.0063,0.7791
"452","S2P3.C1",0.00295,0.8063
"453","S2P5.C1",0.01252,0.74646
"454","S3P1.C1",0.01238,0.76918
"455","S3P3.C1",-0.00518,0.77772
"456","S1P4.C2",0.01157,0.15711
"457","S1P6.C2",0.12027,0.82191
"458","S2P2.C2",0.05938,0.74662
"459","S2P6.C2",0.01043,0.80649
"460","S3P2.C2",0.13809,0.87047
"461","S3P4.C2",0.2384,0.76934
"462","S3P6.C2",0.08839,0.77791
"463","S1P2.W",-0.0021,0.5666
"464","S1P4.W",-0.00598,0.57373
"465","S1P1.C1",0.00895,0.83676
"466","S1P3.C1",0.00761,0.82172
"467","S2P3.C1",-0.00255,0.84902
"468","S2P5.C1",0.0157,0.78206
"469","S3P1.C1",0.01539,0.8099
"470","S3P3.C1",-0.01166,0.82037
"471","S1P4.C2",0.01456,0.18553
"472","S1P6.C2",0.11898,0.85755
"473","S2P2.C2",0.06862,0.78223
"474","S2P6.C2",0.00735,0.8492
"475","S3P2.C2",0.13844,0.91312
"476","S3P4.C2",0.22026,0.81006
"477","S3P6.C2",0.07408,0.82056
"478","S1P1.C1",-0.00094,0.8724
"479","S1P3.C1",0.00681,0.85736
"480","S2P3.C1",0.00537,0.88469
"481","S2P5.C1",-0.00231,0.82473
"482","S3P1.C1",0.0119,0.84558
"483","S3P3.C1",-0.00585,0.85601
"484","S1P4.C2",0.01163,0.20691
"485","S1P6.C2",0.11424,0.90022
"486","S2P2.C2",0.06642,0.82491
"487","S2P6.C2",0.01569,0.88488
"488","S3P2.C2",0.14514,0.94875
"489","S3P4.C2",0.28253,0.84574
"490","S3P6.C2",0.10058,0.85619
"491","S1P1.C1",-0.00429,0.91507
"492","S1P3.C1",0.00436,0.90003
"493","S2P3.C1",-0.00315,0.92742
"494","S2P5.C1",0.00508,0.86036
"495","S3P1.C1",0.02143,0.88627
"496","S3P5.C1",-0.00303,1.00681
"497","S1P4.C2",0.00573,0.2283
"498","S1P6.C2",0.11711,0.93578
"499","S2P2.C2",0.06605,0.86053
"500","S2P6.C2",0.02102,0.92758
"501","S3P2.C2",0.1758,1.02126
"502","S3P4.C2",0.19943,0.88644
"503","S1P1.C1",0.00603,0.95073
"504","S1P3.C1",0.01596,0.9356
"505","S2P3.C1",0.00777,0.96304
"506","S2P5.C1",0.00369,0.90302
"507","S3P1.C1",0.02086,0.92193
"508","S3P5.C1",-0.0023,1.04956
"509","S1P4.C2",0.01702,0.24968
"510","S1P6.C2",0.20095,1.02119
"511","S2P2.C2",0.07784,0.90319
"512","S2P6.C2",0.01953,0.96324
"513","S3P2.C2",0.20215,1.06404
"514","S3P4.C2",0.32106,0.92211
"515","S1P1.C1",0.00645,1.00676
"516","S1P3.C1",0.01573,0.97824
"517","S2P1.C1",-0.0075,1.01458
"518","S2P3.C1",0.00933,1.00683
"519","S2P5.C1",-0.0038,0.93861
"520","S3P1.C1",0.01213,0.96266
"521","S3P5.C1",0.00318,1.0994
"522","S1P4.C2",0.01098,0.28872
"523","S1P6.C2",0.25149,1.06388
"524","S2P2.C2",0.08083,0.93877
"525","S2P4.C2",0.27474,1.029
"526","S2P6.C2",0.0332,1.02123
"527","S3P2.C2",0.22317,1.11385
"528","S3P4.C2",0.50257,0.96282
"529","S3P6.C2",0.10104,1.00922
"530","S1P1.C1",0.01355,1.04949
"531","S1P3.C1",0.01529,1.00678
"532","S1P5.C1",-0.01301,-0.06387
"533","S2P1.C1",0.01098,1.05734
"534","S2P3.C1",0.02164,1.04953
"535","S2P5.C1",-7.75e-05,0.98123
"536","S3P1.C1",0.01734,1.00693
"537","S3P5.C1",0.00429,1.14216
"538","S1P4.C2",0.02682,0.3244
"539","S1P6.C2",0.2424,1.11361
"540","S2P2.C2",0.08056,1.02123
"541","S2P4.C2",0.32852,1.07176
"542","S2P6.C2",0.03341,1.06391
"543","S3P2.C2",0.23096,1.15661
"544","S3P4.C2",0.48742,1.02138
"545","S3P6.C2",0.23561,1.05196
"546","S1P1.C1",0.00939,1.09922
"547","S1P3.C1",0.03307,1.04948
"548","S2P1.C1",-0.00655,1.10708
"549","S2P5.C1",0.000526,1.00682
"550","S3P1.C1",0.00829,1.04972
"551","S3P5.C1",-0.00322,1.19193
"552","S1P4.C2",0.02604,0.36705
"553","S1P6.C2",0.22416,1.15631
"554","S2P2.C2",0.12642,1.06398
"555","S2P4.C2",0.34195,1.1215
"556","S3P2.C2",0.23895,1.20639
"557","S3P4.C2",0.55715,1.06414
"558","S3P6.C2",0.25349,1.10169
"559","S1P1.C1",-0.00113,1.14197
"560","S1P3.C1",0.01523,1.09921
"561","S1P5.C1",0.00762,-0.000486
"562","S2P1.C1",-0.000338,1.1498
"563","S2P5.C1",0.000774,1.04956
"564","S3P1.C1",0.02184,1.09953
"565","S3P5.C1",0.00179,1.23472
"566","S1P2.C2",-0.00286,-0.000324
"567","S1P4.C2",0.04429,0.40271
"568","S1P6.C2",0.3036,1.20608
"569","S2P2.C2",0.12672,1.11377
"570","S2P4.C2",0.32594,1.16424
"571","S3P2.C2",0.20737,1.24918
"572","S3P4.C2",0.64435,1.11392
"573","S3P6.C2",0.26338,1.14444
"574","S1P1.C1",0.00945,1.19175
"575","S1P3.C1",0.02065,1.1419
"576","S1P5.C1",-0.04477,0.01374
"577","S2P1.C1",0.00479,1.19959
"578","S2P5.C1",0.0066,1.09935
"579","S3P1.C1",0.01905,1.14226
"580","S3P5.C1",-0.01038,1.29635
"581","S1P2.C2",0.00537,0.0139
"582","S1P4.C2",0.04074,0.44538
"583","S1P6.C2",0.29571,1.24881
"584","S2P2.C2",0.14459,1.15652
"585","S2P4.C2",0.36298,1.21404
"586","S3P2.C2",0.1892,1.29655
"587","S3P4.C2",0.57499,1.15669
"588","S3P6.C2",0.22862,1.19419
"589","S1P1.C1",0.00941,1.23447
"590","S1P3.C1",0.01626,1.19168
"591","S1P5.C1",-0.02591,0.02795
"592","S2P1.C1",0.00238,1.24236
"593","S2P5.C1",0.00969,1.14209
"594","S3P1.C1",0.01716,1.19208
"595","S3P5.C1",0.00406,1.33197
"596","S1P2.C2",-0.000292,0.02811
"597","S1P4.C2",0.05504,0.48106
"598","S1P6.C2",0.27009,1.28704
"599","S2P2.C2",0.14247,1.20626
"600","S2P4.C2",0.37939,1.25681
"601","S3P2.C2",0.18057,1.33216
"602","S3P4.C2",0.58511,1.20648
"603","S3P6.C2",0.22556,1.2369
"604","S1P1.C1",0.01181,1.2895
"605","S1P3.C1",0.02498,1.23439
"606","S1P5.C1",0.00288,0.04218
"607","S2P1.C1",-0.01041,1.30278
"608","S2P5.C1",0.01313,1.19183
"609","S3P1.C1",0.02269,1.23486
"610","S3P5.C1",-0.000316,1.37462
"611","S1P2.C2",0.00294,0.04235
"612","S1P4.C2",0.04705,0.52375
"613","S1P6.C2",0.27709,1.32267
"614","S2P2.C2",0.1672,1.24898
"615","S2P4.C2",0.34758,1.30296
"616","S3P2.C2",0.18587,1.37481
"617","S3P4.C2",0.5726,1.24926
"618","S3P6.C2",0.19458,1.29128
"619","S1P1.C1",0.02062,1.32515
"620","S1P3.C1",0.01518,1.28688
"621","S1P5.C1",0.0037,0.05641
"622","S2P1.C1",-0.00478,1.33846
"623","S2P3.C1",0.00115,1.3235
"624","S2P5.C1",0.0138,1.23455
"625","S3P1.C1",0.01142,1.31479
"626","S3P3.C1",-0.01446,1.3267
"627","S3P5.C1",-0.00937,1.41027
"628","S1P2.C2",-0.00241,0.05657
"629","S1P6.C2",0.23932,1.36528
"630","S2P2.C2",0.17714,1.29876
"631","S2P4.C2",0.33289,1.33863
"632","S2P6.C2",0.04644,1.32369
"633","S3P2.C2",0.14044,1.41046
"634","S3P4.C2",0.4959,1.31495
"635","S3P6.C2",0.17118,1.32689
"636","S1P1.C1",0.01782,1.3658
"637","S1P3.C1",0.02601,1.3225
"638","S1P5.C1",-0.00127,0.07061
"639","S2P1.C1",-0.00671,1.38111
"640","S2P5.C1",0.01967,1.28434
"641","S3P1.C1",0.0138,1.35047
"642","S3P3.C1",-0.01857,1.36935
"643","S3P5.C1",0.000713,1.45295
"644","S1P2.C2",0.000504,0.07078
"645","S1P6.C2",0.28625,1.40086
"646","S2P2.C2",0.15712,1.34148
"647","S2P4.C2",0.37241,1.38128
"648","S3P2.C2",0.15914,1.45316
"649","S3P4.C2",0.36625,1.35064
"650","S3P6.C2",0.1382,1.36954
"651","S1P1.C1",0.01014,1.40149
"652","S1P3.C1",0.0206,1.3651
"653","S1P5.C1",0.0047,0.09189
"654","S2P1.C1",0.0077,1.41677
"655","S2P3.C1",0.01447,1.40175
"656","S2P5.C1",0.01858,1.32707
"657","S3P1.C1",0.01847,1.39317
"658","S3P3.C1",-0.01451,1.40497
"659","S3P5.C1",-0.00192,1.48863
"660","S1P2.C2",-0.00625,0.09205
"661","S1P6.C2",0.23742,1.44344
"662","S2P2.C2",0.13897,1.39127
"663","S2P4.C2",0.31904,1.41694
"664","S2P6.C2",0.03067,1.40194
"665","S3P2.C2",0.15056,1.48884
"666","S3P4.C2",0.3348,1.39333
"667","S3P6.C2",0.13441,1.40515
"668","S1P1.C1",0.00928,1.44218
"669","S1P3.C1",0.03597,1.40067
"670","S1P5.C1",0.00773,0.1061
"671","S2P1.C1",-0.00453,1.45944
"672","S2P3.C1",0.0233,1.44444
"673","S2P5.C1",0.000488,1.37685
"674","S3P1.C1",0.01654,1.42883
"675","S3P3.C1",-0.00344,1.44764
"676","S3P5.C1",-0.00602,1.53133
"677","S1P2.C2",-0.00254,0.10626
"678","S1P6.C2",0.24736,1.47903
"679","S2P2.C2",0.05955,1.43403
"680","S2P4.C2",0.33365,1.45962
"681","S2P6.C2",0.0271,1.44464
"682","S3P2.C2",0.13122,1.53153
"683","S3P4.C2",0.31713,1.429
"684","S3P6.C2",0.11351,1.44782
"685","S1P1.C1",0.00414,1.47785
"686","S1P3.C1",0.00751,1.44325
"687","S1P5.C1",-0.000372,0.12034
"688","S2P1.C1",0.00221,1.49513
"689","S2P3.C1",0.01585,1.48006
"690","S2P5.C1",0.0151,1.41959
"691","S3P1.C1",0.01371,1.47155
"692","S3P3.C1",-0.00519,1.48326
"693","S1P2.C2",-0.00249,0.12049
"694","S1P4.C2",0.05752,0.71603
"695","S1P6.C2",0.25361,1.52164
"696","S2P2.C2",0.09337,1.48383
"697","S2P4.C2",0.27547,1.4953
"698","S2P6.C2",0.02662,1.48027
"699","S3P4.C2",0.32269,1.47171
"700","S3P6.C2",0.13302,1.48345
"701","S1P1.C1",-0.01164,1.51855
"702","S1P3.C1",0.02083,1.47885
"703","S1P5.C1",0.00381,0.13454
"704","S2P1.C1",-0.01606,1.53781
"705","S2P3.C1",0.000112,1.52279
"706","S2P5.C1",0.00825,1.46941
"707","S3P1.C1",0.01421,1.50721
"708","S3P3.C1",-0.01317,1.52594
"709","S1P2.C2",0.0028,0.1347
"710","S1P4.C2",0.04638,0.75866
"711","S2P2.C2",0.089,1.52659
"712","S2P6.C2",0.01315,1.52299
"713","S3P4.C2",0.30023,1.50737
"714","S3P6.C2",0.12449,1.52612
"715","S1P2.W",-0.00538,0.95789
"716","S1P4.W",0.00632,0.96501
"717","S1P3.C1",0.02754,1.52147
"718","S1P5.C1",-0.00509,0.14875
"719","S2P5.C1",0.00674,1.51216
"720","S1P2.C2",0.00395,0.14891
"721","S1P4.C2",0.04869,0.79429
"722","S1P2.W",0.00291,0.97927
"723","S1P4.W",-0.00217,0.98639
"724","S1P5.C1",0.00148,0.16296
"725","S1P2.C2",0.00348,0.16314
"726","S1P4.C2",0.04725,0.83696
"727","S1P2.W",-0.01107,1.00771
"728","S1P4.W",0.00577,1.01481
"729","S1P5.C1",-0.00895,0.18421
"730","S1P2.C2",0.00859,0.18438
"731","S1P4.C2",0.06151,0.8726
"732","S1P2.W",-0.00762,1.0599
"733","S1P4.W",0.0075,1.06701
"734","S1P5.C1",-0.000684,0.19843
"735","S1P2.C2",0.00817,0.1986
"736","S1P4.C2",0.04434,0.91525
"737","S1P6.C2",0.25317,1.71382
"738","S1P2.W",-0.0031,1.11903
"739","S1P4.W",0.00121,1.12613
"740","S1P5.C1",-0.00647,0.21267
"741","S2P1.C1",-0.02462,1.73009
"742","S2P3.C1",0.01413,1.71508
"743","S3P3.C1",-0.00517,1.71804
"744","S1P2.C2",0.00198,0.21282
"745","S1P4.C2",0.0711,0.95091
"746","S1P6.C2",0.28107,1.7565
"747","S2P4.C2",0.23187,1.73027
"748","S2P6.C2",0.0457,1.71528
"749","S3P4.C2",0.34288,1.70674
"750","S3P6.C2",0.13061,1.71823
"751","S1P2.W",-0.000401,1.17814
"752","S1P4.W",0.000352,1.18524
"753","S1P1.C1",0.00929,1.74774
"754","S1P3.C1",0.00433,1.71363
"755","S1P5.C1",0.00614,0.22689
"756","S2P1.C1",0.00997,1.77272
"757","S2P3.C1",0.01059,1.75775
"758","S3P1.C1",0.00755,1.74223
"759","S3P3.C1",-0.00168,1.76069
"760","S1P2.C2",0.01556,0.22705
"761","S1P4.C2",0.06736,1.0212
"762","S1P6.C2",0.26612,1.79218
"763","S2P4.C2",0.2527,1.77289
"764","S2P6.C2",0.03449,1.75792
"765","S3P4.C2",0.30314,1.74241
"766","S3P6.C2",0.12623,1.76088
"767","S1P2.W",0.00157,1.24434
"768","S1P4.W",0.00302,1.25145
"769","S1P1.C1",-0.00125,1.78341
"770","S1P3.C1",0.01921,1.75632
"771","S1P5.C1",-0.00199,0.24111
"772","S2P1.C1",0.0019,1.80836
"773","S2P3.C1",0.00491,1.79333
"774","S3P1.C1",0.02275,1.78493
"775","S3P3.C1",-0.00566,1.79631
"776","S1P2.C2",0.03753,0.24128
"777","S1P4.C2",0.05756,1.06392
"778","S1P6.C2",0.24579,1.83479
"779","S2P4.C2",0.23226,1.80853
"780","S2P6.C2",0.03439,1.7935
"781","S3P4.C2",0.34893,1.7851
"782","S3P6.C2",0.12586,1.79649
"783","S1P2.W",0.0039,1.30344
"784","S1P4.W",-0.00536,1.31054
"785","S1P1.C1",0.00887,1.82413
"786","S1P3.C1",0.03094,1.79199
"787","S1P5.C1",-0.00767,0.25534
"788","S2P1.C1",-0.00547,1.85102
"789","S2P3.C1",0.01085,1.83597
"790","S3P1.C1",0.00389,1.82059
"791","S3P3.C1",-0.00902,1.83899
"792","S1P2.C2",0.03342,0.2555
"793","S1P4.C2",0.05991,1.11366
"794","S1P6.C2",0.26374,1.87046
"795","S2P4.C2",0.19937,1.85119
"796","S2P6.C2",0.02661,1.83617
"797","S3P4.C2",0.33749,1.82075
"798","S3P6.C2",0.10499,1.83918
"799","S1P2.W",0.00413,1.36259
"800","S1P4.W",-8.15e-05,1.3697
"801","S1P1.C1",0.00707,1.85981
"802","S1P3.C1",0.01972,1.83464
"803","S1P5.C1",-0.0065,0.27657
"804","S2P1.C1",-0.000347,1.88667
"805","S2P3.C1",-0.000256,1.87161
"806","S3P1.C1",0.00944,1.8633
"807","S3P3.C1",0.00619,1.87462
"808","S3P5.C1",-0.00893,1.95865
"809","S1P2.C2",0.05232,0.27674
"810","S1P4.C2",0.0719,1.1564
"811","S2P4.C2",0.23635,1.88684
"812","S2P6.C2",0.000351,1.87181
"813","S3P2.C2",0.10694,1.95884
"814","S3P4.C2",0.1896,1.86347
"815","S3P6.C2",0.12256,1.87481
"816","S1P2.W",-0.00176,1.42877
"817","S1P4.W",0.01487,1.43589
"818","S1P1.C1",-0.00507,1.9005
"819","S1P3.C1",0.02284,1.87028
"820","S1P5.C1",-0.00706,0.29079
"821","S2P1.C1",0.01215,1.92932
"822","S2P3.C1",0.003,1.91428
"823","S3P1.C1",0.01022,1.89898
"824","S3P3.C1",0.00249,1.91726
"825","S1P2.C2",0.03953,0.29095
"826","S1P4.C2",0.08339,1.20617
"827","S2P2.C2",0.11821,1.989
"828","S2P4.C2",0.27287,1.92949
"829","S2P6.C2",0.01292,1.91444
"830","S3P4.C2",0.24651,1.89916
"831","S3P6.C2",0.11843,1.91744
"832","S1P2.W",-0.000405,1.48791
"833","S1P4.W",0.000884,1.49501
"834","S1P1.C1",0.00949,1.93617
"835","S1P5.C1",-0.00344,0.30501
"836","S2P1.C1",9.86e-06,1.96498
"837","S2P3.C1",0.00577,1.94984
"838","S2P5.C1",0.01034,1.97457
"839","S3P1.C1",0.01716,1.94168
"840","S3P3.C1",-0.00639,1.95284
"841","S1P2.C2",0.06309,0.30517
"842","S1P4.C2",0.08167,1.24894
"843","S2P4.C2",0.20504,1.96515
"844","S2P6.C2",0.03713,1.95
"845","S3P4.C2",0.49261,1.94185
"846","S3P6.C2",0.15008,1.95302
"847","S1P2.W",0.0038,1.54704
"848","S1P4.W",-0.000853,1.55414
"849","S1P1.C1",-0.00223,1.97689
"850","S1P5.C1",0.00512,0.31922
"851","S2P5.C1",0.00622,2.02438
"852","S3P1.C1",0.00907,1.97733
"853","S1P2.C2",0.05431,0.31939
"854","S1P4.C2",0.07427,1.2897
"855","S1P2.W",0.00524,1.61324
"856","S1P4.W",0.00254,1.62037
"857","S1P5.C1",0.00221,0.33345
"858","S1P2.C2",0.07051,0.33361
"859","S1P4.C2",0.09008,1.32536
"860","S1P2.W",0.00034,1.67236
"861","S1P4.W",-0.000543,1.67948
"862","S1P5.C1",-0.00287,0.34767
"863","S1P2.C2",0.0755,0.34785
"864","S1P4.C2",0.09,1.36601
"865","S1P2.W",-0.00341,1.7315
"866","S1P4.W",-0.00125,1.73862
"867","S1P5.C1",0.00567,0.37656
"868","S1P2.C2",0.0963,0.37672
"869","S1P4.C2",0.05637,1.40169
"870","S1P2.W",-0.00558,1.79767
"871","S1P4.W",-0.000734,1.80479
"872","S1P5.C1",-0.01165,0.39079
"873","S1P2.C2",0.10445,0.39096
"874","S1P4.C2",0.07586,1.44237
"875","S1P2.W",0.00247,1.85679
"876","S1P4.W",0.00717,1.8639
"877","S1P5.C1",0.00166,0.41215
"878","S1P2.C2",0.11919,0.41231
"879","S1P4.C2",0.06385,1.47804
"880","S1P2.W",0.00886,1.91595
"881","S1P4.W",0.000365,1.92306
"882","S1P5.C1",0.00386,0.42638
"883","S1P2.C2",0.10744,0.42655
"884","S1P4.C2",0.06276,1.51875
"885","S1P5.C1",-0.00687,0.45475
"886","S1P2.C2",0.11494,0.45491
"887","S1P5.C1",-0.000467,0.46897
"888","S1P2.C2",0.09397,0.46914
"889","S1P5.C1",-0.000604,0.49034
"890","S1P2.C2",0.13836,0.49051
"891","S1P5.C1",-0.000627,0.50457
"892","S1P2.C2",0.10117,0.50473
"893","S1P5.C1",-8.23e-05,0.53296
"894","S1P2.C2",0.09463,0.53313
"895","S1P4.C2",0.06395,1.70721
"896","S1P4.C2",0.07657,1.74793
"897","S1P4.C2",0.05604,1.78362
"898","S1P4.C2",0.05646,1.82433
"899","S1P4.C2",-0.00511,1.86
"900","S1P4.C2",0.06421,1.90069
"901","S1P4.C2",0.06575,1.93635
"902","S1P5.C1",-0.00222,0.72491
"903","S1P2.C2",0.14484,0.72508
"904","S1P5.C1",-0.01806,0.73914
"905","S1P2.C2",0.14325,0.73931
"906","S1P5.C1",-0.02018,0.76752
"907","S1P5.C1",-0.000189,1.00744
"908","S1P2.C2",0.12771,1.02184
"909","S1P5.C1",-0.00671,1.05015
"910","S1P2.C2",0.10421,1.06456
"911","S1P5.C1",0.00474,1.09988
"912","S1P2.C2",0.11836,1.11429
"913","S1P5.C1",0.000471,1.14266
"914","S1P2.C2",0.13225,1.15707
"915","S1P5.C1",-0.00926,1.19242
"916","S1P2.C2",0.15749,1.2069
"917","S1P5.C1",0.00281,1.23519
"918","S1P2.C2",0.16262,1.24959
"919","S1P2.C2",0.16262,1.30104
"920","S1P2.C2",0.09073,1.30104
"921","S1P2.C2",0.09073,1.33664
"922","S1P2.C2",0.08619,1.33664
"923","S1P2.C2",0.08619,1.37934
"924","S1P2.C2",0.12044,1.37934
"925","S1P2.C2",0.12044,1.41498
"926","S1P2.C2",0.14282,1.41498
"927","S1P2.C2",0.14282,1.45762
"928","S1P2.C2",0.12019,1.45762
"929","S1P2.C2",0.12019,1.49326
"930","S1P2.C2",0.1316,1.49326
"931","S1P2.C2",0.1316,1.53593
"932","S1P2.C2",0.05071,1.53593
"933","S1P2.C2",0.05071,1.57156
