S1P1.C1_time,S1P1.C1,S1P3.C1_time,S1P3.C1,S1P5.C1_time,S1P5.C1,S2P1.C1_time,S2P1.C1,S2P3.C1_time,S2P3.C1,S2P7.C1_time,S2P7.C1,S3P1.C1_time,S3P1.C1,S3P3.C1_time,S3P3.C1,S3P5.C1_time,S3P5.C1,S1P2.C2_time,S1P2.C2,S1P4.C2_time,S1P4.C2,S1P6.C2_time,S1P6.C2,S2P8.C2_time,S2P8.C2,S2P4.C2_time,S2P4.C2,S2P6.C2_time,S2P6.C2,S3P2.C2_time,S3P2.C2,S3P4.C2_time,S3P4.C2,S3P6.C2_time,S3P6.C2
-0.62821,-0.00617,-0.6523,0.00318,-1.58571,0.01821,-0.64587,0.01435,-0.60287,0.01085,-0.60692,0.00296,-0.6767,0.00517,-0.65035,0.00764,-0.63999,9.28E-03,-1.58551,-0.0119,-0.59956,0.00426,-0.62365,-0.00929,-0.57134,0.00715,-0.61718,0.00679,-0.58602,-0.00938,-0.6113,-0.0048,-0.59302,-0.00963,-0.62163,0.00254
-0.55352,0.01114,-0.56583,0.00132,-1.57144,0.0116,-0.57106,0.01312,-0.52815,-0.00231,-0.53223,-0.01406,-0.62172,0.00935,-0.5755,1.50E-02,-0.56525,0.00148,-1.57124,-0.03806,-0.52488,-0.01027,-0.53718,-0.00573,-0.49657,-0.00466,-0.54231,0.00246,-0.51125,0.01539,-0.5366,-4.78E-03,-0.51817,0.00237,-0.54682,0.01341
-0.47876,-0.00162,-0.47899,0.00226,-1.55719,-0.00444,-0.49623,0.00486,-0.45328,0.00485,-0.45738,-0.01214,-0.54685,0.00447,-0.50073,-5.58E-04,-0.49064,2.58E-04,-1.55703,3.93E-05,-0.45006,0.00254,-0.45031,-0.00522,-0.42174,0.011,-0.46752,0.01214,-0.43634,-0.00594,-0.46197,1.50E-04,-0.44331,-0.01335,-0.47203,8.28E-04
-0.40397,-0.00693,-0.39222,0.00667,-1.54294,-0.00265,-0.42139,0.01817,-0.37838,-0.00495,-0.38259,-0.00335,-0.47201,-0.0162,-0.42591,-0.0028,-0.41598,-0.00891,-1.54275,-0.01354,-0.37525,-0.00188,-0.36352,-1.63E-02,-0.347,0.00559,-0.39267,0.00391,-0.3615,-0.02135,-0.38734,-0.01879,-0.36851,0.00424,-0.39722,0.00491
-0.32916,-0.00125,-0.30537,-0.00501,-1.52872,0.00234,-0.34657,-0.00876,-0.30354,0.01202,-0.30787,0.00234,-0.3972,0.00118,-0.35117,0.01217,-0.34138,-3.41E-04,-1.52853,0.0143,-0.30044,0.00976,-0.27668,-0.01323,-0.27227,0.00143,-0.31791,0.00744,-0.28663,0.00187,-0.31274,0.00832,-0.29367,-0.00458,-0.32248,-0.00377
-0.25434,-0.00527,-0.21856,-0.01167,-1.51449,-0.02499,-0.27181,0.00562,-0.22868,0.005,-0.23316,-0.00526,-0.32236,-0.00183,-0.27639,-8.70E-04,-0.26672,0.00309,-1.51431,-0.00596,-0.22564,-0.00904,-0.18968,-0.01284,-0.19753,0.00226,-0.24313,-1.38E-02,-0.21178,0.00248,-0.23808,-0.00236,-0.21884,-0.01868,-0.24769,-0.00502
-0.17954,-0.00695,-0.1298,0.00841,-1.49675,-5.19E-03,-0.19699,0.01305,-0.15382,-0.00122,-0.15837,0.01271,-0.24753,0.02139,-0.20163,4.03E-04,-0.19205,0.00385,-1.49659,-0.00439,-0.15082,-0.00907,-0.10104,0.00872,-0.12279,0.00632,-0.16826,0.0025,-0.1369,0.01517,-0.16334,-1.33E-03,-0.14403,-0.00278,-0.17293,-0.00158
-0.10471,0.00738,-0.04495,-1.46E-02,-1.48253,0.00911,-0.12216,-0.0026,-0.07897,0.0202,-0.08367,0.00141,-0.1727,-0.00265,-0.12685,0.00635,-0.11728,-7.70E-03,-1.48236,0.00567,-0.07598,-0.00609,-0.00735,0.00761,-0.04801,0.01461,-0.09343,0.01858,-0.06207,-0.02039,-0.08854,0.00257,-0.06925,-0.01681,-0.09814,1.15E-04
-0.02986,0.0024,-0.00755,-0.00774,-1.46832,0.0053,-0.04726,7.11E-04,-0.02704,-0.00389,-0.00747,0.00738,-0.09791,-0.00167,-0.05207,-0.00449,-0.04241,0.00275,-1.46814,0.00263,-0.00652,0.0125,0.01405,-0.02331,-3.24E-04,-5.12E-03,-0.00723,-0.00219,-0.03867,0.00808,-0.01366,-0.00822,-0.00716,0.00198,-0.02815,0.00541
-0.0067,0.01112,0.01385,-0.0054,-1.45409,-0.01383,-0.00742,-0.00522,-0.00565,-0.00289,0.01391,0.00923,-0.02315,-0.00663,-0.02834,-0.01003,0.01333,-0.01213,-1.45391,-0.00467,0.01488,0.0026,0.03545,-0.00244,0.02105,-2.78E-03,0.01417,-0.00723,-0.01727,-0.04802,0.01354,-0.0071,0.01422,0.00745,-0.00682,0.00146
0.01469,0.02394,0.03525,0.00981,-1.43986,0.017,0.01398,0.0052,0.01573,0.01794,0.0353,0.00619,-0.00731,0.00852,-0.00703,0.00243,0.03475,-0.00816,-1.43969,-0.00145,0.0363,0.00902,0.05686,0.00354,0.04244,-0.00486,0.03558,0.00382,0.01428,0.00769,0.03495,-0.0054,0.03561,-3.63E-03,0.01455,-0.00492
0.0361,0.00419,0.05667,0.01181,-1.42565,0.03036,0.03539,0.01074,0.02591,0.00232,0.05667,-0.00194,0.01405,-0.01675,0.01434,0.00855,0.05618,9.22E-03,-1.42546,0.01496,0.0577,0.00151,0.08181,0.00643,0.06381,-0.00584,0.05697,0.00309,0.03568,0.00496,0.05638,-7.86E-03,0.05701,-0.01952,0.03595,0.00991
0.0575,-0.0086,0.08161,0.00747,-1.40788,0.02368,0.05678,0.00312,0.0473,0.01014,0.0816,-0.01321,0.03544,0.02388,0.03574,0.00326,0.07759,0.00479,-1.40769,-0.01641,0.08265,0.011,0.10321,-0.00679,0.08874,-0.00636,0.0819,0.00102,0.05706,-0.00648,0.0778,-0.00416,0.08193,-0.00808,0.06083,-0.00866
0.08245,0.00523,0.10301,0.00878,-1.39363,0.01562,0.08171,0.00573,0.06868,0.00341,0.10296,0.00355,0.05684,8.51E-04,0.06062,0.01166,0.10253,0.00766,-1.39345,0.00814,0.10404,8.59E-03,0.12461,-0.00434,0.1101,0.01007,0.1033,0.00716,0.07846,0.00802,0.10272,0.0127,0.10334,3.07E-04,0.08222,0.00996
0.10384,-0.00742,0.12441,0.00407,-1.37941,0.02062,0.10311,0.01024,0.09008,0.00341,0.1244,-0.00134,0.08177,0.0051,0.08201,0.01409,0.12394,0.00671,-1.37922,-0.00522,0.12547,0.00587,0.14601,0.00421,0.13154,0.00621,0.12471,-2.30E-03,0.10339,0.00424,0.12414,0.0029,0.12472,-0.00716,0.1036,0.01249
0.12527,-0.00167,0.14581,-0.0109,-1.36516,-0.00402,0.12453,-0.00977,0.11501,0.01824,0.14576,5.83E-04,0.10317,0.00606,0.10339,0.00488,0.14536,-0.01694,-1.36498,0.00424,0.14685,-0.00792,0.17093,0.00165,0.15291,0.01143,0.14608,0.00457,0.12477,0.00703,0.14557,-2.91E-05,0.14611,0.01661,0.12501,0.00486
0.14666,0.01814,0.17073,-0.00919,-1.35091,0.00154,0.1459,-0.0038,0.13639,-0.01345,0.17072,0.00249,0.12455,0.01321,0.1248,0.00338,0.16678,0.00214,-1.35072,0.0022,0.17178,0.00867,0.19233,0.01909,0.17786,0.01174,0.171,-0.00588,0.14615,-0.0051,0.16698,0.00222,0.17102,0.01374,0.14993,0.00566
0.17159,0.01324,0.19213,0.00484,-1.33666,5.81E-04,0.17081,-0.00681,0.15777,-0.00928,0.19207,-0.00494,0.14594,0.00317,0.14972,0.01254,0.19174,-0.01417,-1.33646,-0.03979,0.19318,9.38E-04,0.21373,0.00315,0.19921,-7.32E-03,0.19236,-0.00698,0.16755,0.00288,0.19192,0.00165,0.19242,0.00929,0.17134,0.00907
0.193,3.17E-04,0.21353,0.0023,-1.31887,-0.01656,0.19218,-0.0123,0.17917,-0.00382,0.21347,0.02931,0.17086,4.97E-04,0.17113,0.0056,0.21314,3.49E-04,-1.31868,0.00247,0.21457,0.00843,0.23512,-9.44E-03,0.2206,0.00227,0.21375,0.00229,0.19243,-8.04E-04,0.2133,-0.0227,0.21381,0.01033,0.19274,4.73E-03
0.21438,-1.20E-02,0.23492,0.02084,-1.30458,0.00725,0.21356,-0.00835,0.20405,-0.01546,0.23481,0.00192,0.19225,0.00691,0.19253,0.01381,0.23451,-0.0207,-1.30439,-0.00394,0.23598,-8.28E-03,0.26002,0.01845,0.24196,-0.00549,0.23514,-0.00258,0.21383,-8.59E-04,0.23471,0.00885,0.23521,0.00127,0.21414,-0.0021
0.23578,0.00903,0.25983,-0.00549,-1.2903,-0.00771,0.23495,-0.01717,0.22545,0.01169,0.25977,-0.00687,0.21363,1.13E-05,0.21394,0.00872,0.2559,-0.01282,-1.29012,0.00552,0.26093,-0.00174,0.28142,0.01048,0.26691,-0.00221,0.26007,0.00904,0.2352,1.97E-03,0.2561,0.00871,0.26014,-0.00157,0.23906,0.01212
0.26072,2.00E-03,0.28123,-0.00193,-1.27603,0.0251,0.25988,-0.0024,0.24683,0.01056,0.28113,0.01216,0.23503,0.01401,0.23885,0.01197,0.28087,-0.00128,-1.27587,6.07E-04,0.29495,-0.00327,0.30277,-0.00636,0.28828,3.68E-04,0.28146,0.00355,0.2566,0.01004,0.28106,0.00574,0.28153,8.61E-03,0.34396,-0.00148
0.28212,-3.97E-04,0.3026,-5.87E-03,-1.26178,6.51E-04,0.28127,0.00786,0.26822,0.01043,0.30252,0.0074,0.25998,-0.00203,0.26025,-0.00165,0.30227,0.0092,-1.26161,0.00509,0.33061,0.00659,0.32416,0.00629,0.30966,1.49E-02,0.30286,0.00928,0.28152,0.0031,0.30247,5.80E-04,0.30292,-0.00891,0.37954,-0.00317
0.29477,0.01185,0.32397,-0.00301,-1.24755,0.01013,0.30267,0.00148,0.29314,1.11E-02,0.32389,0.00463,0.28135,0.00325,0.34375,-0.00247,0.32558,2.74E-04,-1.24737,0.00237,0.34993,-0.00178,0.34215,0.00277,0.33103,0.0047,0.32426,0.00327,0.30757,2.53E-03,0.32579,0.00488,0.32431,-0.00109,0.41865,0.01314
0.33043,1.01E-04,0.34196,0.02111,-1.22977,-0.00282,0.32407,0.00117,0.3192,-0.00156,0.3488,-0.01177,0.30275,-0.00174,0.37933,0.01797,0.36125,-6.84E-04,-1.22959,0.00251,0.38561,0.00625,0.37781,-4.80E-04,0.35594,0.00417,0.34347,-0.00523,0.34316,1.68E-02,0.36145,-0.00719,0.34922,0.01112,0.45426,0.00923
0.34973,0.01393,0.37762,9.59E-03,-1.21551,-1.24E-03,0.34326,0.00318,0.3548,0.01092,0.37016,-0.00297,0.32414,-0.00562,0.41844,-1.85E-04,0.40043,0.00156,-1.21531,-0.01145,0.4248,-2.18E-03,0.41703,-0.00166,0.37727,0.01085,0.3791,0.01257,0.39405,-0.00646,0.4006,0.0023,0.36887,0.0359,0.49346,0.00524
0.38542,0.00803,0.41683,-0.00671,-1.20125,-0.0153,0.37892,0.0155,0.40569,-0.00883,0.3915,-0.00503,0.34906,-0.00172,0.45405,7.79E-03,0.43609,0.01344,-1.20104,0.00712,0.46047,2.08E-03,0.45263,0.00236,0.39861,-0.00156,0.41819,0.00243,0.42963,-0.00896,0.4363,-1.12E-03,0.40442,-0.00127,0.52911,0.00724
0.42461,1.42E-02,0.45247,0.00348,-1.18696,-0.00582,0.41803,8.85E-04,0.44126,0.00516,0.41285,0.00239,0.36872,0.00327,0.49325,-0.001,0.47529,0.01356,-1.18678,-2.25E-02,0.49965,-0.00154,0.49179,0.00958,0.41995,0.00265,0.45376,-0.00244,0.48088,-0.00582,0.47547,1.28E-03,0.44353,0.00421,0.56826,0.01405
0.46028,-0.00864,0.4916,0.01016,-1.17272,0.00932,0.45358,-0.00596,0.4925,-7.45E-03,0.43779,0.00903,0.40426,2.17E-04,0.5289,0.01106,0.51091,0.0146,-1.17252,-4.00E-03,0.53531,-0.01116,0.52743,0.01929,0.44492,-3.25E-03,0.49292,0.01029,0.51648,-0.00323,0.5111,-0.01055,0.47916,0.0065,0.6039,1.03E-04
0.49946,-9.38E-03,0.52723,-0.00391,-1.15844,-0.01275,0.49273,0.01555,0.52811,-0.00595,0.45918,-4.24E-04,0.44337,-0.01854,0.56806,-0.01694,0.5501,0.01188,-1.15825,-0.00414,0.57449,-1.27E-03,0.56659,-0.00388,0.46632,-0.01138,0.52856,-0.00285,0.56767,0.00602,0.55029,0.00883,0.51837,0.0054,0.643,-0.00472
0.53512,-0.00314,0.5664,7.71E-03,-1.14065,-1.09E-02,0.52838,-0.00756,0.57931,-0.00307,0.48056,-0.00435,0.47899,0.00329,0.60369,0.01034,0.58575,1.06E-02,-1.14046,0.00334,0.61014,0.01867,0.60221,-0.00593,0.4877,0.01701,0.56771,-0.00579,0.60326,-0.00529,0.58594,-8.85E-05,0.55405,7.92E-04,0.67859,-0.01504
0.57429,0.00417,0.60204,-0.00159,-1.12638,0.00145,0.56753,-0.00245,0.6149,0.00178,0.50192,9.24E-04,0.51819,0.01355,0.64279,0.00852,0.62495,-0.00812,-1.12619,0.01295,0.64929,0.01166,0.64137,-6.46E-05,0.50906,0.01192,0.60334,-0.00474,0.6545,-0.0063,0.62514,0.00424,0.59331,-0.00293,0.71773,0.00532
0.60994,-0.00232,0.64118,-2.78E-04,-1.11214,-0.01334,0.60317,0.01415,0.66611,-0.00147,0.52686,-0.0028,0.55388,0.00154,0.67838,-0.00137,0.66054,-0.0059,-1.11194,0.0068,0.68497,-0.00927,0.67696,0.0024,0.534,0.01616,0.6425,-0.01413,0.69012,-0.00169,0.66074,-0.00976,0.62891,-0.01505,0.75333,-0.00313
0.6491,-0.00905,0.67679,0.00163,-1.09789,-0.00369,0.64233,0.00483,0.70174,0.01802,0.54823,-0.01243,0.59311,0.01708,0.71752,0.00547,0.69971,0.00718,-1.0977,-0.00745,0.72416,1.17E-02,0.71612,-0.00431,0.55537,0.00994,0.67815,0.0016,0.7413,0.00265,0.69988,-0.00159,0.66813,0.004,0.7925,0.00207
0.68477,-4.20E-04,0.71596,0.00567,-1.08365,-1.15E-02,0.67797,1.67E-02,0.75292,-0.0152,0.56962,0.01151,0.62876,-0.00931,0.75313,0.00653,0.73531,0.00455,-1.08346,-0.00743,0.75979,-0.0152,0.75174,0.02723,0.57676,-0.00753,0.7173,-0.00775,0.77691,-0.01406,0.7355,-0.01052,0.70377,-0.00218,0.82811,-5.38E-03
0.72396,-0.00422,0.75157,0.00881,-1.06941,0.0129,0.71714,0.01316,0.78853,1.10E-02,0.59098,0.00268,0.66795,-0.0099,0.79229,-0.00757,0.77448,-5.29E-04,-1.0692,6.69E-03,0.79897,-0.00736,0.79089,0.00349,0.59809,-0.00235,0.75297,-3.82E-04,0.8281,-0.01043,0.77468,-1.13E-04,0.74299,0.00827,0.86721,0.0103
0.75959,0.00137,0.79073,-0.0072,-1.05161,0.00707,0.75279,0.00872,0.83972,0.01049,0.61587,-0.00129,0.7036,-0.00958,0.82791,-0.00688,0.81014,-0.01278,-1.05141,-0.01203,0.83462,-4.17E-03,0.82649,0.00167,0.62299,0.00748,0.79212,-0.00929,0.86568,0.01577,0.81032,0.0154,0.77863,-2.33E-04,0.90284,-0.00668
0.79877,-0.00168,0.82633,-0.00512,-1.03736,7.20E-03,0.79194,0.00631,0.8773,-0.00924,0.63719,,0.74282,0.00691,0.867,-9.32E-04,0.84935,-2.34E-02,-1.03716,0.01196,0.87376,0.01475,0.86565,-0.01066,0.64431,0.00873,0.82779,-6.82E-04,0.91491,0.01202,0.84953,-0.0137,0.81784,0.00749,0.94201,0.00538
0.83443,-2.33E-04,0.86547,-0.00656,-1.02311,-3.98E-03,0.8276,-0.00946,0.92653,-0.00684,0.65855,-0.01035,0.77847,0.0087,0.90263,0.00341,0.88497,9.29E-04,-1.02291,-0.0014,0.90942,6.94E-04,0.90126,0.01228,0.66568,-0.00688,0.86696,0.00263,0.95056,-0.00843,0.88516,-0.01332,0.85351,0.00101,1.00041,-9.52E-04
0.87356,-0.0072,0.90111,-0.01155,-1.00883,-0.0026,0.86679,-0.00251,0.96218,0.00364,0.67991,-2.61E-04,0.81766,-0.00151,0.94181,-3.03E-03,0.9242,0.00525,-0.99909,-0.0032,0.94854,0.00468,0.94044,-0.01536,0.68704,0.00363,0.90262,-0.00231,1.00938,0.00565,0.9244,3.39E-03,0.8927,0.01713,1.04316,0.00247
0.90922,0.00295,0.94025,-0.00564,-0.99928,-0.03585,0.90243,0.01045,1.00672,-0.02264,0.70483,0.00297,0.85333,0.01311,0.98595,-0.00255,0.95986,0.00837,-0.98481,-0.01184,1.02135,0.00518,1.02112,-0.00606,0.71196,-0.01299,0.94181,-2.18E-03,1.0522,-0.00149,0.96006,-0.00699,0.92836,-0.01568,1.08949,-0.00827
0.94838,9.76E-04,0.97589,-0.00127,-0.98501,-0.00315,0.94162,-0.01202,1.04954,0.016,0.72618,-2.90E-03,0.89252,0.00221,1.0287,0.0224,1.00684,1.10E-04,-0.97057,0.01317,1.06413,-0.00125,1.06388,0.00498,0.73332,5.45E-04,1.02203,-0.00399,1.09853,0.01535,1.02131,-0.00292,1.00166,0.00699,1.13229,0.00413
1.0069,0.00744,1.00672,0.00737,-0.97076,8.26E-04,0.97728,-0.00639,1.09588,-0.00423,0.74757,4.65E-03,0.92818,3.69E-04,1.075,0.01406,1.04965,-9.14E-04,-0.9563,-0.00571,1.11046,-0.01792,1.11016,-0.00146,0.7547,0.00492,1.06484,0.00598,1.14133,-0.00237,1.06411,0.00355,1.05462,0.00779,1.17856,-0.00766
1.04969,0.03521,1.04944,0.00393,-0.95649,-7.42E-03,1.00757,0.00806,1.13868,0.01029,0.76892,0.00369,0.98723,-0.00346,1.1178,0.00202,1.09597,-0.00687,-0.94204,-0.00599,1.15325,0.00592,1.15297,-3.59E-03,0.77605,0.00767,1.11119,0.01691,1.18765,3.42E-03,1.11045,0.00191,1.0974,0.00547,1.22134,0.00263
1.09602,-0.00537,1.09572,-0.00177,-0.94223,0.00482,1.05038,0.00321,1.185,0.00609,0.79382,0.0019,1.04019,-2.37E-05,1.16412,6.59E-04,1.13878,9.29E-04,-0.89126,-0.00544,1.19955,-0.01673,1.19931,3.78E-04,0.80095,0.00999,1.15398,-0.00884,1.23044,0.0091,1.15322,0.01122,1.14369,-7.63E-04,1.26763,0.01052
1.13878,,1.13851,-0.00164,-0.92795,0.0101,1.09672,-0.01734,1.2278,-8.31E-03,0.81517,0.00177,1.08296,3.01E-04,1.20686,0.01216,1.18507,0.021,-0.87701,-0.01146,1.24234,-0.00385,1.24209,0.01514,0.8223,4.86E-03,1.20032,-0.0133,1.27672,0.0019,1.1995,-0.01877,1.18647,-0.02054,1.31038,0.00774
1.18509,0.00224,1.18484,0.00813,-0.89146,5.52E-04,1.13954,8.32E-05,1.2741,0.01081,0.83655,-0.00672,1.12927,-0.00408,1.25317,-0.01462,1.22782,0.01032,-0.86273,-3.07E-04,1.28867,0.00107,1.379,0.00402,0.84368,-0.01013,1.24311,0.00349,1.34462,-0.0103,1.24228,0.01113,1.23275,0.0026,1.35662,0.00336
1.22788,-0.0081,1.22764,-0.01765,-0.87721,-8.34E-04,1.18587,0.01756,1.31684,0.00843,0.85791,-4.20E-05,1.17205,-0.00116,1.29593,7.10E-03,1.27414,0.00298,-0.84848,-0.0028,1.33145,0.00694,1.41459,0.0114,0.86502,0.00296,1.30921,-0.00528,1.38025,-0.00638,1.2886,4.39E-04,1.27552,0.0164,1.39934,-0.00819
1.2742,-0.00235,1.27396,-0.01131,-0.86294,-1.50E-04,1.22866,9.23E-03,1.35624,-0.00102,0.88278,0.00221,1.21833,0.00487,1.3422,-0.0092,1.31694,0.00259,-0.83419,-0.00301,1.38308,-6.84E-03,1.45369,-1.19E-02,0.88991,0.00541,1.36419,-0.01096,1.41949,0.0017,1.35771,0.02184,1.33362,-0.00204,1.44567,0.00207
1.317,0.0228,1.37884,-0.00689,-0.84869,0.00375,1.275,-0.01514,1.3919,0.00423,0.90413,9.35E-03,1.2611,0.0075,1.38488,0.00241,1.35753,4.90E-03,-0.81991,0.00555,1.41868,-4.88E-03,1.48934,-0.0159,0.91127,0.00262,1.39985,-0.00869,1.45508,9.33E-04,1.39333,0.0036,1.36922,0.0075,1.48845,0.00894
1.38292,4.99E-04,1.41443,0.00268,-0.8344,-0.02257,1.30904,-1.10E-02,1.43111,0.01535,0.92551,-0.0085,1.30742,-0.01116,1.43122,-0.00243,1.39316,9.96E-04,-0.80208,-0.00404,1.4578,-0.00566,1.52854,0.00708,0.93264,-2.84E-03,1.43906,-6.21E-04,1.49424,0.00304,1.43242,-0.0085,1.42009,-0.01051,1.53472,0.00682
1.4185,0.00428,1.45353,0.00862,-0.8201,-5.11E-03,1.36402,5.47E-04,1.46671,-1.82E-02,0.94686,-7.57E-03,1.33347,0.009,1.47396,0.01295,1.43225,0.00997,-0.78781,-1.06E-04,1.49343,0.00668,1.56419,-1.01E-02,0.95399,-0.00909,1.47472,0.02774,1.52986,-0.01193,1.468,0.01586,1.45569,-0.02059,1.57744,-0.01218
1.4576,-0.00778,1.48914,-0.00218,-0.80229,-0.0146,1.39968,0.01466,1.50587,-0.01118,0.97179,9.15E-04,1.36906,-0.00228,1.52027,0.01388,1.46782,0.00732,-0.77356,-0.01322,1.53264,0.00403,1.60333,-0.00139,0.97892,-3.84E-03,1.5139,-0.00612,1.56904,-0.03254,1.50716,-0.01289,1.50694,-0.01168,1.62366,0.00136
1.49323,0.00607,1.52836,-0.01213,-0.78801,0.01733,1.43889,-0.01905,1.54148,0.01081,0.99315,2.19E-04,1.41993,-0.00115,1.56302,-0.00689,1.50699,-0.01639,-0.75931,0.00532,1.56832,-0.01579,1.63896,-0.00183,1.00028,1.03E-02,1.54956,0.00435,1.60466,0.00121,1.54281,0.0052,1.54256,0.00811,1.66639,-0.003
1.53244,-0.00901,1.564,0.00624,-0.77376,0.00163,1.47455,-0.01291,1.58066,-6.40E-03,1.01453,-0.00311,1.45553,0.00524,1.60925,0.00643,1.54264,-0.02446,-0.74502,0.01818,1.60757,-0.00275,1.67806,-0.00656,1.02166,-0.0265,1.58872,,1.64381,-2.72E-03,1.58196,0.00298,1.59373,0.00482,1.71267,-0.00419
1.56813,-2.20E-05,1.60315,0.01824,-0.75949,-0.00489,1.51373,-0.00294,1.61631,0.00115,1.03588,0.00319,1.50678,0.01004,1.65194,0.0093,1.58177,1.26E-02,-0.73075,0.00737,1.64316,0.01816,1.71366,5.42E-03,1.04301,-0.00297,1.62437,0.00936,1.6794,-0.01644,1.61762,0.00204,1.62934,-0.00345,1.75541,-1.21E-02
1.60741,-0.00185,1.6388,,-0.74522,0.01274,1.54939,-0.00463,1.65544,9.65E-04,1.06082,0.0014,1.54238,0.00919,1.69822,-9.80E-04,1.61743,0.00177,-0.71293,0.01631,1.6824,0.00803,1.75278,-9.91E-03,1.06796,-0.00551,1.66355,-0.0182,1.71858,-0.00564,1.65676,0.00393,1.68057,-0.00625,1.80166,-0.01363
1.64296,0.01,1.67789,-0.01727,-0.73095,-0.00588,1.58854,0.00381,1.69103,4.57E-04,1.08219,-0.01215,1.59356,-0.01714,1.74096,-0.00763,1.65657,0.00539,-0.69867,-0.01001,1.71804,-0.00668,1.7884,-0.00417,1.08932,-0.01233,1.69921,3.47E-03,1.75419,0.01436,1.69242,9.36E-04,1.71619,-2.49E-05,1.84438,-0.02062
1.6822,0.01189,1.71348,-0.00793,-0.71312,0.08649,1.6242,-0.00836,1.7302,0.00663,1.10358,-0.01125,1.62918,0.02374,1.78721,-1.42E-02,1.69222,0.00285,-0.68439,0.0015,1.75726,-0.00566,1.82757,-0.00211,1.11071,-0.01251,1.73838,1.60E-03,1.79334,1.60E-02,1.73159,0.01217,1.76736,0.00183,1.89063,-0.00212
1.71785,-1.21E-04,1.75262,0.01251,-0.69888,-0.00916,1.66338,0.00851,1.76581,-0.01078,1.12493,9.18E-03,1.68041,-2.00E-03,1.82994,-0.0165,1.73138,0.00509,-0.6701,2.29E-03,1.79291,-0.00453,1.86315,-0.00499,1.13206,-0.0104,1.77404,0.00515,1.82895,3.02E-04,1.76723,-0.01021,1.80319,-0.00153,1.93334,0.00176
1.75706,0.00137,1.78823,-0.02058,-0.68461,0.00298,1.69904,0.02326,1.80497,0.00199,1.14985,0.00165,1.71602,0.00141,1.87617,-0.00802,1.76704,-0.00852,-0.65588,-0.00689,1.83211,1.02E-04,1.90225,-0.01003,1.15698,-0.00209,1.81322,-0.00423,1.86811,0.01343,1.80638,-0.00205,1.85612,-0.00629,1.97963,0.00178
1.79271,0.00135,1.8274,0.00673,-0.6703,3.38E-03,1.73821,0.00972,1.84057,-0.00226,1.1691,-0.00343,1.7672,-1.02E-02,1.9189,-0.00118,1.80619,0.00391,-0.64166,-0.01014,1.86778,0.00532,1.93792,-7.60E-03,1.17623,-0.01414,1.84884,-0.00608,1.90374,-0.0052,1.84204,-0.00789,1.89184,0.00532,2.02236,2.93E-03
1.83191,0.01375,1.863,0.00527,-0.65606,0.01865,1.77385,0.00297,1.87972,0.00551,1.19045,-0.0081,1.80303,0.00442,1.96519,0.00638,1.84185,-0.00711,-0.62392,2.68E-03,1.90696,6.05E-03,,,1.19758,-0.01699,1.88801,0.01249,1.94289,-0.00502,1.88122,0.00917,1.94097,0.00814,2.06867,0.00423
1.86758,-0.0081,1.90208,-0.00242,-0.64183,0.01008,1.81303,0.01447,1.91535,0.00573,1.21184,5.02E-04,1.85595,-3.15E-04,2.00792,-0.00461,1.88102,0.00377,-0.60971,-0.00167,1.9426,0.01335,,,1.21897,-2.73E-03,1.92365,0.00124,,,1.9169,9.95E-03,,,2.11141,4.14E-03
1.90677,2.90E-04,1.93772,-0.00546,-0.62409,0.00982,1.84867,-0.00821,1.95451,0.00111,1.23319,0.00911,1.89168,0.00127,2.05422,0.00204,1.91668,-0.00236,-0.5955,0.00993,,,,,1.24032,-7.76E-03,1.96277,-0.01305,,,1.95606,-0.01569,,,2.17693,7.31E-03
1.94243,0.00163,1.97691,0.01326,-0.60988,3.12E-03,1.88784,0.00398,,,1.2581,0.00658,1.94081,0.00545,2.09697,0.0036,1.95587,-0.00254,-0.58131,-6.51E-04,,,,,1.26524,-0.00328,,,,,,,,,2.21968,-0.00836
,,4.0574,-0.0071,-0.59567,4.63E-03,1.92347,2.38E-02,,,1.27944,0.02283,1.97646,-0.01632,2.16249,-0.0051,,,-0.56709,0.01344,,,,,1.28657,-0.00502,,,,,,,,,2.26593,-9.86E-04
,,4.07171,7.76E-03,-0.58146,0.00784,1.96259,-4.57E-04,,,1.30082,1.44E-04,,,2.20523,2.13E-04,,,-0.55289,-0.00931,,,,,1.30795,0.01808,,,,,,,,,2.30863,-0.00553
,,4.08598,-0.01204,-0.56726,1.08E-02,9.36006,5.13E-04,,,1.32218,-0.00496,,,2.2515,-0.00903,,,-0.53514,-0.00219,,,,,1.32928,-0.00834,,,,,,,,,2.35485,-0.00677
,,4.10027,-0.00619,-0.55306,1.04E-02,9.45264,0.01187,,,1.34705,6.37E-03,,,2.29421,0.00276,,,-0.52093,0.00306,,,,,1.35416,-1.82E-03,,,,,,,,,2.39752,0.00122
,,4.11455,-4.98E-04,-0.53531,-0.01513,9.54519,-1.02E-02,,,1.36839,0.00481,,,2.34043,0.00804,,,-0.50672,2.68E-04,,,,,1.3755,-0.00875,,,,,,,,,2.4438,0.00686
,,4.12883,-5.12E-04,-0.52109,0.00703,9.63778,0.00132,,,1.38975,0.01485,,,2.38311,0.00505,,,-0.49245,0.00135,,,,,1.39685,-0.00289,,,,,,,,,2.48657,4.47E-04
,,4.14313,8.67E-03,-0.50689,0.01526,9.73039,0.01171,,,1.41106,-0.00632,,,2.42932,-0.01132,,,-0.47819,0.00339,,,,,1.41817,0.00153,,,,,,,,,2.53287,-0.0055
,,4.15745,0.00683,-0.49266,0.00152,9.82293,7.76E-04,,,1.43595,0.00366,,,2.47209,-0.0078,,,-0.46398,-0.00491,,,,,1.44306,-0.02459,,,,,,,,,2.5756,-5.56E-04
,,4.17178,0.00541,-0.47837,-0.0089,9.9155,-0.00875,,,1.45728,0.00261,,,2.51843,-0.00455,,,-0.44625,-9.31E-04,,,,,1.46441,0.00485,,,,,,,,,2.62189,-3.34E-04
,,,,-0.46416,-0.00298,10.05635,-1.23E-02,,,1.4787,-3.28E-03,,,2.56116,-0.00224,,,-0.43201,9.24E-03,,,,,1.48583,0.00491,,,,,,,,,2.66463,0.00468
,,,,-0.44641,-0.01111,10.15161,0.00835,,,1.50006,7.47E-03,,,2.60743,0.00268,,,-0.41777,-0.00557,,,,,1.50719,0.00113,,,,,,,,,2.71088,0.00357
,,,,-0.43221,-0.00716,10.24424,0.00998,,,1.525,9.72E-04,,,2.65017,0.00638,,,-0.40352,-0.00648,,,,,1.53213,0.003,,,,,,,,,2.75362,1.10E-02
,,,,-0.41797,1.40E-02,10.33694,0.01378,,,1.54639,-0.00502,,,2.69646,-0.00394,,,-0.38924,-0.00202,,,,,1.55352,7.41E-03,,,,,,,,,2.79988,0.00842
,,,,-0.4037,-0.00189,10.42949,0.02034,,,1.56777,0.00544,,,2.73918,-8.57E-03,,,-0.37498,0.01533,,,,,1.5749,-0.01824,,,,,,,,,2.84262,-9.67E-03
,,,,-0.38943,0.00936,10.52207,-0.00425,,,1.58912,-0.00232,,,2.78544,0.00795,,,-0.35715,0.0202,,,,,1.59625,-0.00634,,,,,,,,,2.88892,0.01483
,,,,-0.37517,-0.0246,10.61469,0.00372,,,1.61403,-0.00187,,,2.82817,-0.00242,,,-0.34292,-0.00362,,,,,1.62116,-0.0015,,,,,,,,,2.93168,0.00309
,,,,-0.35735,0.00543,10.70714,-0.00148,,,1.63539,0.00374,,,2.87447,-0.01384,,,-0.32868,-0.00697,,,,,1.64252,0.00919,,,,,,,,,2.97787,-0.00341
,,,,-0.3431,-0.00315,10.79971,0.00208,,,1.65678,0.00311,,,2.91723,-0.01805,,,-0.3144,-0.00858,,,,,1.66391,-0.00941,,,,,,,,,,
,,,,-0.32887,-0.00699,10.89231,-0.0025,,,1.67813,-3.01E-03,,,2.96352,4.86E-04,,,-0.30012,0.00385,,,,,1.68525,-2.66E-04,,,,,,,,,,
,,,,-0.31459,-0.00984,10.98493,0.00696,,,1.70308,0.00733,,,,,,,-0.28588,-3.85E-04,,,,,1.71021,-8.24E-03,,,,,,,,,,
,,,,-0.30031,0.00417,11.07749,0.00329,,,1.7244,0.01001,,,,,,,-0.2681,0.00416,,,,,1.73153,6.48E-03,,,,,,,,,,
,,,,-0.28608,0.00804,11.17012,-0.01522,,,1.74578,-0.01102,,,,,,,-0.25382,-0.00963,,,,,1.75291,-0.00824,,,,,,,,,,
,,,,-0.26829,0.00949,11.26273,-0.00782,,,1.76714,-3.05E-03,,,,,,,-0.23958,-0.0109,,,,,1.77427,-0.0037,,,,,,,,,,
,,,,-0.25402,-0.00744,11.37456,0.01686,,,1.79205,-0.00236,,,,,,,-0.22535,1.44E-03,,,,,1.79918,6.91E-04,,,,,,,,,,
,,,,-0.23978,0.00598,11.46711,0.0023,,,1.8134,-5.91E-04,,,,,,,-0.21111,0.0106,,,,,1.82053,-0.00843,,,,,,,,,,
,,,,-0.22554,0.00427,11.55962,0.00886,,,1.83478,-0.00381,,,,,,,-0.19688,0.01736,,,,,1.84191,0.01233,,,,,,,,,,
,,,,-0.21131,-0.00527,11.65223,0.00906,,,1.85613,-6.48E-04,,,,,,,-0.17911,0.01058,,,,,1.86326,-0.01451,,,,,,,,,,
,,,,-0.19707,-0.00792,11.7448,-0.00672,,,1.88108,1.09E-02,,,,,,,-0.16487,3.57E-04,,,,,1.88821,-0.0168,,,,,,,,,,
,,,,-0.17931,0.00441,11.8373,0.01537,,,1.90244,-4.52E-04,,,,,,,-0.15064,-0.01188,,,,,1.90957,0.0186,,,,,,,,,,
,,,,-0.16507,-1.33E-02,11.92984,-0.00908,,,1.92383,0.0036,,,,,,,-0.1364,0.00132,,,,,1.93097,5.52E-04,,,,,,,,,,
,,,,-0.15083,1.98E-02,12.02241,0.0094,,,1.9452,-0.0064,,,,,,,-0.12216,0.01023,,,,,1.95233,0.01652,,,,,,,,,,
,,,,-0.1366,-0.00373,12.11506,0.01204,,,1.97013,-0.00318,,,,,,,-0.10792,-0.00476,,,,,1.97726,-0.00165,,,,,,,,,,
,,,,-0.12236,0.00291,12.20766,0.0162,,,1.99148,0.00112,,,,,,,-0.09015,0.00984,,,,,1.99862,1.34E-03,,,,,,,,,,
,,,,-0.10811,0.00664,12.30024,0.00791,,,2.01278,0.01119,,,,,,,-0.07589,0.00842,,,,,,,,,,,,,,,,
,,,,-0.09035,0.00348,12.99633,0.00442,,,,,,,,,,,-0.06161,-0.01429,,,,,,,,,,,,,,,,
,,,,-0.07609,0.00757,13.08892,-0.00981,,,,,,,,,,,-0.04735,0.00928,,,,,,,,,,,,,,,,
,,,,-0.06181,0.01398,13.18146,0.01465,,,,,,,,,,,-0.03307,0.00235,,,,,,,,,,,,,,,,
,,,,-0.04753,0.00134,13.274,0.00906,,,,,,,,,,,-0.01878,0.00429,,,,,,,,,,,,,,,,
,,,,-0.03326,-0.00233,13.3665,0.00756,,,,,,,,,,,-9.72E-04,-0.00405,,,,,,,,,,,,,,,,
,,,,-0.01898,0.00719,13.45898,-0.0082,,,,,,,,,,,0.01329,0.00496,,,,,,,,,,,,,,,,
,,,,-0.00117,0.00361,13.55154,0.0013,,,,,,,,,,,0.02757,0.00301,,,,,,,,,,,,,,,,
,,,,0.01309,-1.51E-04,13.64404,0.00172,,,,,,,,,,,0.04183,0.00883,,,,,,,,,,,,,,,,
,,,,0.02737,0.00535,13.73664,-0.00224,,,,,,,,,,,0.05609,0.00553,,,,,,,,,,,,,,,,
,,,,0.04164,4.06E-06,13.82926,0.01106,,,,,,,,,,,0.07037,-0.00228,,,,,,,,,,,,,,,,
,,,,0.0559,-0.00726,13.92183,0.00512,,,,,,,,,,,0.08818,0.00528,,,,,,,,,,,,,,,,
,,,,0.07017,0.00831,14.01441,-0.0014,,,,,,,,,,,0.10241,0.00226,,,,,,,,,,,,,,,,
,,,,0.08799,-2.67E-03,14.10698,-0.01298,,,,,,,,,,,0.11668,-0.01545,,,,,,,,,,,,,,,,
,,,,0.10222,-0.00617,14.19951,-0.00316,,,,,,,,,,,0.13095,-9.95E-04,,,,,,,,,,,,,,,,
,,,,0.11649,-0.00225,14.29204,0.00169,,,,,,,,,,,0.14522,-0.00317,,,,,,,,,,,,,,,,
,,,,0.13076,-0.00768,14.38451,0.00118,,,,,,,,,,,0.15949,0.00861,,,,,,,,,,,,,,,,
,,,,0.14503,-0.00906,14.47713,0.01161,,,,,,,,,,,0.17731,1.21E-04,,,,,,,,,,,,,,,,
,,,,0.15931,0.01148,14.56968,0.00764,,,,,,,,,,,0.1916,1.20E-04,,,,,,,,,,,,,,,,
,,,,0.17713,0.00959,14.66223,5.13E-05,,,,,,,,,,,0.20587,9.39E-03,,,,,,,,,,,,,,,,
,,,,0.1914,0.00107,14.75469,0.00612,,,,,,,,,,,0.22014,3.96E-04,,,,,,,,,,,,,,,,
,,,,0.20568,-0.00866,14.84712,-0.00104,,,,,,,,,,,0.23441,-0.00545,,,,,,,,,,,,,,,,
,,,,0.21995,0.01576,14.93965,0.00797,,,,,,,,,,,0.24868,0.0172,,,,,,,,,,,,,,,,
,,,,0.23422,0.00153,15.0322,0.00471,,,,,,,,,,,0.26648,-0.00309,,,,,,,,,,,,,,,,
,,,,0.2485,0.00191,15.12479,0.00564,,,,,,,,,,,0.28075,1.90E-02,,,,,,,,,,,,,,,,
,,,,0.2663,-0.01234,15.21609,8.81E-04,,,,,,,,,,,0.29502,0.00825,,,,,,,,,,,,,,,,
,,,,0.28057,0.00752,15.30869,0.00154,,,,,,,,,,,0.30929,-7.91E-04,,,,,,,,,,,,,,,,
,,,,0.29484,-1.72E-03,15.40131,-0.01012,,,,,,,,,,,0.33177,3.21E-04,,,,,,,,,,,,,,,,
,,,,0.30911,-0.00249,15.49392,2.99E-04,,,,,,,,,,,0.34604,0.0055,,,,,,,,,,,,,,,,
,,,,0.3316,0.0021,15.58652,-4.95E-03,,,,,,,,,,,0.36731,-0.00134,,,,,,,,,,,,,,,,
,,,,0.34586,-4.09E-04,15.67896,-0.00179,,,,,,,,,,,0.38157,0.00601,,,,,,,,,,,,,,,,
,,,,0.36713,-0.00563,15.7716,-0.00121,,,,,,,,,,,0.40652,3.27E-03,,,,,,,,,,,,,,,,
,,,,0.38139,-1.50E-02,15.86421,,,,,,,,,,,,0.42076,-0.00362,,,,,,,,,,,,,,,,
,,,,0.40633,0.00347,15.95685,0.00541,,,,,,,,,,,0.44205,0.01742,,,,,,,,,,,,,,,,
,,,,0.42058,-0.00606,16.02764,-0.00728,,,,,,,,,,,0.45628,0.01222,,,,,,,,,,,,,,,,
,,,,0.44188,0.00912,16.1203,0.01944,,,,,,,,,,,0.48117,0.007,,,,,,,,,,,,,,,,
,,,,0.45611,0.01529,16.21288,-0.01149,,,,,,,,,,,0.49541,0.00757,,,,,,,,,,,,,,,,
,,,,0.481,0.00492,16.35304,4.04E-04,,,,,,,,,,,0.51667,-0.01573,,,,,,,,,,,,,,,,
,,,,0.49523,0.00212,16.4948,8.61E-05,,,,,,,,,,,0.53091,-0.00486,,,,,,,,,,,,,,,,
,,,,0.51648,-6.03E-03,16.6366,6.36E-04,,,,,,,,,,,0.55584,-0.01519,,,,,,,,,,,,,,,,
,,,,0.53073,0.00745,16.77836,6.60E-04,,,,,,,,,,,0.57006,0.00291,,,,,,,,,,,,,,,,
,,,,0.55566,1.69E-02,16.92005,1.18E-04,,,,,,,,,,,0.59131,2.40E-04,,,,,,,,,,,,,,,,
,,,,0.56988,-0.00762,17.0617,-4.63E-04,,,,,,,,,,,0.60554,-0.00967,,,,,,,,,,,,,,,,
,,,,0.59113,0.00357,17.20338,6.90E-04,,,,,,,,,,,0.63044,0.01048,,,,,,,,,,,,,,,,
,,,,0.60537,0.00549,17.34508,-1.13E-04,,,,,,,,,,,0.64466,-0.01137,,,,,,,,,,,,,,,,
,,,,0.63027,-0.00947,,,,,,,,,,,,,0.66591,1.00E-02,,,,,,,,,,,,,,,,
,,,,0.64448,0.00135,,,,,,,,,,,,,0.68014,0.01446,,,,,,,,,,,,,,,,
,,,,0.66573,0.00851,,,,,,,,,,,,,0.70506,7.44E-05,,,,,,,,,,,,,,,,
,,,,0.67995,0.01705,,,,,,,,,,,,,0.71927,-0.00295,,,,,,,,,,,,,,,,
,,,,0.70488,0.00421,,,,,,,,,,,,,0.74059,-7.90E-04,,,,,,,,,,,,,,,,
,,,,0.7191,0.00306,,,,,,,,,,,,,0.75481,0.02175,,,,,,,,,,,,,,,,
,,,,0.74041,-2.68E-03,,,,,,,,,,,,,0.77971,-0.00114,,,,,,,,,,,,,,,,
,,,,0.75464,-0.00181,,,,,,,,,,,,,0.79399,-0.00584,,,,,,,,,,,,,,,,
,,,,0.77953,7.75E-04,,,,,,,,,,,,,0.81529,-0.0085,,,,,,,,,,,,,,,,
,,,,0.7938,-0.0101,,,,,,,,,,,,,0.82955,0.00555,,,,,,,,,,,,,,,,
,,,,0.8151,-0.00179,,,,,,,,,,,,,0.85446,-0.00673,,,,,,,,,,,,,,,,
,,,,0.82936,1.31E-02,,,,,,,,,,,,,0.86872,-0.00582,,,,,,,,,,,,,,,,
,,,,0.85427,-2.20E-03,,,,,,,,,,,,,0.89005,0.00636,,,,,,,,,,,,,,,,
,,,,0.86853,0.00575,,,,,,,,,,,,,0.90431,2.08E-03,,,,,,,,,,,,,,,,
,,,,0.88986,-7.26E-04,,,,,,,,,,,,,0.92925,0.00678,,,,,,,,,,,,,,,,
,,,,0.90412,-0.00911,,,,,,,,,,,,,0.94351,0.01239,,,,,,,,,,,,,,,,
,,,,0.92906,-0.0033,,,,,,,,,,,,,0.96492,-0.00324,,,,,,,,,,,,,,,,
,,,,0.94332,0.01127,,,,,,,,,,,,,0.97919,0.00569,,,,,,,,,,,,,,,,
,,,,0.96473,0.00799,,,,,,,,,,,,,1.04209,-3.44E-03,,,,,,,,,,,,,,,,
,,,,0.979,-0.00229,,,,,,,,,,,,,1.08493,0.01348,,,,,,,,,,,,,,,,
,,,,1.02762,0.01104,,,,,,,,,,,,,1.13127,0.00205,,,,,,,,,,,,,,,,
,,,,1.07046,-0.0142,,,,,,,,,,,,,1.17411,6.22E-03,,,,,,,,,,,,,,,,
,,,,1.11681,-9.28E-04,,,,,,,,,,,,,1.22043,-0.00221,,,,,,,,,,,,,,,,
,,,,1.15965,0.00763,,,,,,,,,,,,,1.26324,-0.0178,,,,,,,,,,,,,,,,
,,,,1.20601,0.00118,,,,,,,,,,,,,1.34006,-0.00513,,,,,,,,,,,,,,,,
,,,,1.24878,0.01413,,,,,,,,,,,,,1.37569,-1.05E-02,,,,,,,,,,,,,,,,
,,,,1.29514,-0.00672,,,,,,,,,,,,,1.41486,0.0097,,,,,,,,,,,,,,,,
,,,,1.33987,-2.04E-03,,,,,,,,,,,,,1.45056,0.01054,,,,,,,,,,,,,,,,
,,,,1.37552,-0.0018,,,,,,,,,,,,,1.48972,-0.00276,,,,,,,,,,,,,,,,
,,,,1.41468,-0.01543,,,,,,,,,,,,,1.52536,-0.00989,,,,,,,,,,,,,,,,
,,,,1.45037,0.01091,,,,,,,,,,,,,1.56456,0.00444,,,,,,,,,,,,,,,,
,,,,1.48955,-0.00306,,,,,,,,,,,,,1.6002,-0.00406,,,,,,,,,,,,,,,,
,,,,1.52517,0.00579,,,,,,,,,,,,,1.63939,-0.01463,,,,,,,,,,,,,,,,
,,,,1.56438,0.02343,,,,,,,,,,,,,1.67499,-0.00368,,,,,,,,,,,,,,,,
,,,,1.60001,0.01142,,,,,,,,,,,,,1.71414,-7.60E-04,,,,,,,,,,,,,,,,
,,,,1.63921,0.03032,,,,,,,,,,,,,1.74976,6.95E-03,,,,,,,,,,,,,,,,
,,,,1.67481,0.00371,,,,,,,,,,,,,1.78892,0.00486,,,,,,,,,,,,,,,,
,,,,1.71396,0.01322,,,,,,,,,,,,,1.82458,1.69E-04,,,,,,,,,,,,,,,,
,,,,1.74957,6.10E-03,,,,,,,,,,,,,1.86376,0.02262,,,,,,,,,,,,,,,,
,,,,1.78875,0.00767,,,,,,,,,,,,,1.89942,-7.67E-03,,,,,,,,,,,,,,,,
,,,,1.8244,-0.00784,,,,,,,,,,,,,1.93867,1.23E-04,,,,,,,,,,,,,,,,
,,,,1.86359,-0.00457,,,,,,,,,,,,,1.97431,0.0086,,,,,,,,,,,,,,,,
,,,,1.89924,-0.01045,,,,,,,,,,,,,,,,,,,,,,,,,,,,,,
,,,,1.93848,-0.00502,,,,,,,,,,,,,,,,,,,,,,,,,,,,,,
,,,,1.97413,-0.00761,,,,,,,,,,,,,,,,,,,,,,,,,,,,,,